,Topic,Count,Name,Representation,Representative_Docs
0,-1,45272,-1_im_help_need_use,"['im', 'help', 'need', 'use', '10', 'hello', '30', 'link', 'user', 'deleted']","['how can i make myself less tight for my partner?. hi! im a 19f college student and haven’t had anything in me or any penetration whatsoever. i’m currently in a relationship with my partner and we’re both women. we both bought a strap for intimacy and for her, it was easier for her to get it in. with me tho, i cant even take it, even with lube it just hurts so much. it was kind of embarrassing bc she tried putting her finger in and it just hurts when she does it and i have to tell her to not continue. i’ve also tried putting a tampon but have lots of discomfort getting that in. it gets me really sad bc i know she wants to please me but with this problem, i just find it hard to let her do any type of penetration or fingering me. i really want her to do it, which is why im asking if there’s any way i can stretch myself out a bit in order to make it easier for her and not a problem with it during intimacy. sorry this is kind of a rant but any advice will help and i’ll take all into consideration! thanks in advance <3', ""getting period every other week. Im 23, Im usually very regular with my period; it happens every 29 days and lasts for 7 days max. For the first time in my life, I've gotten my period thrice this month. The first one was from October 2-8, the second was from 16-21, then the third began today oct 29th. Im not on birth control or any kind of contraception. My insurance isn't great because I'm still a student, so I'm having difficulty finding a gyn. I talked to my primary care doctor when the second period happened and she said find a gyn because she cant do anything to help me. I called up so many places and finally got an appointment with a cmw midwife in a couple days idk how helpful that's going to be. The only medication I'm taking is Nixiyax lacticum which my dermatologist said is for my hormonal acne (she didnt do any blood tests just looked my face and said its due to cortisol). I try to stay active like intense - moderate activity 3-4 days a week and eat healthy, im not sure what im doing wrong for this to happen. I feel absolutely cornered. I dont know what to do."", 'help me please im desperate for advice.. Hi, i really need help and talking to my parents and going to the doctors arent an option. Im really embarrassed writing this but I think I have a yeast infection down there. Around two days ago I realized that down there had discharge that was white and cottage-y. My discharge currently is really thick, I have bumps some hurt (may be sores but im not sure but I do have pimple-like bumps on it) and it burns when I pee. I took Fluconazole a little under 24 hours ago i took 100 mg from the pharmacy. The discharge is less cottage-y and is just clumpy. Is it gonna get worse before its better because thats what I heard some people say. I dont know what to do please help. For context im 19 (im a virgin but my boyfriend does slide it around sometimes but not in). please help im panicking and idk what to do.']"
1,0,72631,0_im_help_need_use,"['im', 'help', 'need', 'use', 'hello', '10', '30', 'link', 'user', 'deleted']","['pap smear result help- i dont understand. i had my first pap smear at 21 recently, and i dont really understand the results. im clueless! my gyno is unavailable to be contacted at the moment too, so im asking for help here! cervical screening showed nothing abnormal, we did pap smear just in case because of unresolved issues. point c and the conclusion is what im struggling with --- **the results:** (using bethesda system?) a) valid for screening b) no intraepithelial lesions or malignant process found (NILM) **c)** *other non-cancerous lesions - reactive and reparative lesions associated with inflammation* inflammatory changes in the nucleated cells **(?)** - anti-inflammatory treatment advised --- i was prescribed an antibiotic/antimicrobial agent(?) to take, but i dont really understand what exactly the issue is 😅 from what i understand, its a negative for cancer? but what are the other lesions? STI/STD/BV/etc? do i need to go to another gyno? should i be worried? should i be withholding from sex? are the lesions something permanent?', 'Uti or just sensitive. Hi everyone! Was wondering: i woke up and went pee and it burned but after that there was no burning at all for two days. Tonight it slightly burned when peeing but im unsure if this is a UTI or a preperiod symptom (sometimes this happens before it starts) I went to an urgent care and they said some white blood cells were present and to treat it as a UTI but i hate taking antibiotics when i dont need them, any thoughts? Please help!! UPDATE: it is a uti and im also getting my period yay cramps im so lucky🙃', ""suicidal thoughts and depression/mood extremely bad during/before period. So I have diagnosed depression/anxiety/ borderline personality disorder and agoraphobia (I know, it's a lot...) but normally I can function( atleast a little bit) on my pills. I've had the depression/anxiety diagnosis since I was 14, the borderline and agoraphobia are recent diagnosis. anyway, i've been with my (now)husband since I was 18, and he noticed basically since we started dating, that my moods/depression/anxiety/etc, become very heightened just before/and during my period. This has been a constant every time.... it gets so bad that I can't leave my room. I get thoughts of self harm and I get extremely angry/sad and confrontational..there has been lots of times, that I get so aggressive and mean that I break something or scream and then later on cannot recall doing it. Im talking extreme mental breakdowns.... only during my period. One of the only times in my life, that Ive been even close to normal was during my pregnancy. Not once during my pregnancy did i have an episode or even thoughts of suicide.(could be due to purpose or fulfillment I suppose?) &amp;#x200B; I see a doctor/mental health specialist/therapy, regularly, and my doctor will not listen to me about it getting bad around my period. She completely dismisses it. **Basically I'm wondering if anyone has dealt with anything similar and if it could possibly due to hormones?** I currently have a non hormonal copper iud that I had inserted around 2015. Im taking birth control again, to see if it has an effect(its been about a year on it with no real difference). (i was on birth control from 14-18 but got off of it due to extreme moods swings, im now 24 and back on it) I still have these extreme thoughts on/off birth control. sorry if this is rambely im just foggy sometimes and its hard to express this kind of thing for me. **Im not planning anything with suicide or self harm, so please there is no need to comment on that.** **Thank you so much and I hope someone can help or has experienced something like this.**""]"
2,1,861,1_10_30_need_im,"['10', '30', 'need', 'im', 'help', '', '', '', '', '']","['10 loại vitamin cần thiết cho phụ nữ sức khoẻ tối ưu.', '10 cách làm đẹp từ chanh tươi.', '10 أشياء يجب أن تعرفها كل امرأة عن ملمس الشعر.']"
3,2,707,2_user deleted_deleted user_deleted_user,"['user deleted', 'deleted user', 'deleted', 'user', '', '', '', '', '', '']","['[deleted by user].', '[deleted by user].', '[deleted by user].']"
4,3,353,3_user deleted_deleted user_deleted_user,"['user deleted', 'deleted user', 'deleted', 'user', '', '', '', '', '', '']","['[deleted by user].', '[deleted by user].', '[deleted by user].']"
5,4,264,4_user deleted_deleted user_deleted_user,"['user deleted', 'deleted user', 'deleted', 'user', '', '', '', '', '', '']","['[deleted by user].', '[deleted by user].', '[deleted by user].']"
6,5,168,5_user deleted_deleted user_deleted_user,"['user deleted', 'deleted user', 'deleted', 'user', '', '', '', '', '', '']","['[deleted by user].', '[deleted by user].', '[deleted by user].']"
7,6,144,6_help_need_hello_link,"['help', 'need', 'hello', 'link', 'use', 'im', '', '', '', '']","['HELP- (warning: might be TMI but i really need help 😢.).', 'I really need help some help!!.', 'HELP I NEED HELP PLEASE.']"
8,7,116,7_user deleted_deleted user_deleted_user,"['user deleted', 'deleted user', 'deleted', 'user', '', '', '', '', '', '']","['[deleted by user].', '[deleted by user].', '[deleted by user].']"
9,8,107,8_user deleted_deleted user_deleted_user,"['user deleted', 'deleted user', 'deleted', 'user', '', '', '', '', '', '']","['[deleted by user].', '[deleted by user].', '[deleted by user].']"
10,9,74,9_link_30_10_hello,"['link', '30', '10', 'hello', 'use', 'need', 'help', 'im', '', '']","['Is $22 too much for a gourmet açaí bowl?. Hello! I\'m starting an online acai bowl shop where we ship luxury acai bowls everywhere in the U.S. Each bowl is GMO free. They have no artificial flavors, sweeteners, or preservatives, no gluten, no rBST, & NO BPAS. It\'s a pretty high end product as most bowls come loaded with added sugar to make them cheaper. Every bowl also comes in a reusable handmade coconut bowl & is decorated with flowers (like orchids). Each one is designed to almost be a work of art in itself & they\'re not meant to be an ""everyday"" type thing, more as a way to treat yourself. Pricewise I hate going to checkout & discovering that I have to pay even more to what I agreed upon in shipping. Thats why I want to include the cost of shipping in the cost, not tack on an extra $8-$10 on top of the bowl. The $22 allows me to make the whole bowl & ship it with a $2 profit, but I\'m worried that people will find that too expensive. Would you spend $22 on a bowl like this? What price would you pay? Is this even a product that seems like something you\'d want to buy? I appreciate any and all feedback, thank you so much for sharing your thoughts!!! &#x200B;', 'Exclusive Offer: Get a Free 100 EUR Coupon + 50% Off Your First Order! Install Temu via the link and sign up! ENJOY!.', 'Exclusive Offer: Get a Free 100 EUR Coupon + 50% Off Your First Order! Install Temu via the link and sign up! ENJOY!.']"
11,10,60,10____,"['', '', '', '', '', '', '', '', '', '']","['[ Removed by moderator ].', '[ Removed by moderator ].', '[ Removed by moderator ].']"
12,11,58,11_link_10_30_hello,"['link', '10', '30', 'hello', 'im', 'use', '', '', '', '']","['Salud del sueño en mujeres mexicanas. Estoy llevando a cabo un proyecto que busca entender mejor los problemas de salud del sueño en mujeres, específicamente en **México**. Sabemos que las mujeres enfrentamos retos únicos en cuanto a descanso: desde el estrés laboral, hasta las responsabilidades familiares, y a menudo nuestras necesidades de sueño se ven descuidadas. Si eres mujer y vives en México, me encantaría que participes en esta breve encuesta. La encuesta es completamente anónima y no te tomará mucho tiempo. [ESTE ES EL LINK]( ¡Gracias por tu apoyo y por ayudar a generar conciencia sobre este tema tan importante para nosotras!', '¿hinchazon con pastillas anticonceptiva?. estoy usando la marca del link de pastillas anticonceptivas, me las dieron porque tengo multiples quistes en los ovarios, tomarlas, pueden provocar mas hinchazon? termino mi día super hinchada como si hubiera comido demasiado mas de lo normal [', 'NFP trackle discount. Deutsch: Der trackle ist ein smarter Zyklustracker, der deine Körperkerntemperatur während des Schlafs misst und so deinen Zyklus präzise bestimmt. Er unterstützt die symptothermale Methode zur natürlichen Familienplanung (NFP) und kann sowohl zur Verhütung als auch bei Kinderwunsch verwendet werden. Sichere dir jetzt den trackle mit 10 % Rabatt! Verwende einfach den Rabattcode NFP beim Kauf oder nutze direkt um den Rabatt automatisch anzuwenden. So sparst du ganz unkompliziert beim Kauf deines smarten Zyklustrackers und erhältst wertvolle Einblicke in deinen Zyklus. Hinweis: Dies ist ein Affiliate-Link. Wenn du über diesen Link kaufst, erhalte ich eine kleine Provision – für dich bleibt der Preis gleich. --- English: The trackle is a smart cycle tracker that measures your core body temperature while you sleep, helping to determine your cycle with precision. It supports the symptothermal method for natural family planning (NFP) and can be used for both contraception and conception support. Get your trackle now with 10% off! Simply use the discount code NFP at checkout or follow [this link]( to apply the discount automatically. Save effortlessly on your smart cycle tracker and gain valuable insights into your cycle. Disclaimer: This is an affiliate link. If you purchase through this link, I receive a small commission – the price remains the same for you.']"
13,12,52,12_user deleted_deleted user_deleted_user,"['user deleted', 'deleted user', 'deleted', 'user', '', '', '', '', '', '']","['[deleted by user].', '[deleted by user].', '[deleted by user].']"
